type,total_transactions,fraud_transactions,fraud_rate
TRANSFER,532909,4097,0.007687991758442811
CASH_OUT,2237500,4116,0.0018395530726256983
CASH_IN,1399284,0,0.0
DEBIT,41432,0,0.0
PAYMENT,2151495,0,0.0
