fraud_risk_score,total_transactions,fraud_transactions,fraud_rate
0,2751765,0.0,0.0
2,1283851,33.0,2.6e-05
3,814463,0.0,0.0
4,274490,9.0,3.3e-05
5,967022,2075.0,0.002146
6,16577,135.0,0.008144
7,232526,4101.0,0.017637
9,21926,1860.0,0.084831
