risk_tier,total_transactions,fraud_transactions,fraud_rate
Critical,21926,1860.0,0.084831
High,249103,4236.0,0.017005
Medium,2055975,2084.0,0.001014
Low,4035616,33.0,8e-06
